Daniel,Daniel@user.com,12345,LibrosPrueba.json
Jorge,Jorge@user.com,12345,LibrosPrueba.json
Cristian,Cristian@user.com,12345,LibrosPrueba.json
Brian,Brian@user.com,12345,LibrosPrueba.json
Carlos,Carlos@user.com,12345,LibrosPrueba.json
Santiago,Santiago@user.com,12345,LibrosPrueba.json
carlos,qwerty,123456,carlos.json
newUser,user@user.com,123456,newUser.json
nuevo,nuevo@hotmail.com,123456,nuevo.json
Daniela,dani123@user.com,123456,Daniela.json
